idx,question,direct_answer,selfcrit_answer,selfcrit_final_span
1,Thủ đô của Canada là gì?,Thủ đô của Canada là Ottawa.,"Bước 1: Nháp trả lời ngắn

Thủ đô của Canada là Ottawa.

Bước 2: Tự kiểm tra

Điểm có thể sai hoặc thiếu:

- Không chắc chắn về thông tin, vì có thể sẽ thay đổi theo thời gian hoặc không chính xác.
- Không có thông tin cụ thể về thủ đô của Canada trước năm 2023.

Bước 3: Đáp án cuối cùng

Thủ đô của Canada là Ottawa. (Không có bằng chứng nào cho thấy thủ đô của Canada đã thay đổi kể từ năm 1967)","cuối cùng

Thủ đô của Canada là Ottawa. (Không có bằng chứng nào cho thấy thủ đô của Canada đã thay đổi kể từ năm 1967)"
2,Nguyên tố có ký hiệu hóa học Fe là gì?,Nguyên tố có ký hiệu hóa học Fe là sắt (sắt).,"Bước 1: Trả lời ngắn
Nguyên tố có ký hiệu hóa học Fe là Fosford.

Bước 2: Tự kiểm tra

- Có thể sai hoặc thiếu: Không tìm thấy thông tin về nguyên tố có ký hiệu hóa học Fe là Fosford trong tài liệu giáo dục phổ thông. Nguyên tố với ký hiệu hóa học Fe thực sự là Ferrum, nhưng trong tiếng Việt được gọi theo tên gọi khác.

Bước 3: Đáp án cuối cùng

Nguyên tố có ký hiệu hóa học Fe là Ferrum.","cuối cùng

Nguyên tố có ký hiệu hóa học Fe là Ferrum."
3,Năm bắt đầu Thế chiến II?,Năm bắt đầu Thế chiến II vào tháng 9 năm 1939.,"Năm bắt đầu Thế chiến II là năm 1939.

Điểm có thể sai hoặc thiếu:

- Không rõ nguồn gốc chính xác của câu trả lời
- Không biết liệu có thông tin nào khác liên quan đến cuộc chiến này hay không

Dáp án cuối cùng: Năm bắt đầu Thế chiến II là năm 1939.",cuối cùng: Năm bắt đầu Thế chiến II là năm 1939.
4,Sông dài nhất thế giới là gì?,"Sông dài nhất thế giới là sông Nile, với chiều dài khoảng 6.695 km.","Sông dài nhất thế giới là sông Nile, với chiều dài khoảng 6.695 km.

Điểm có thể sai hoặc thiếu:

- Không có thông tin về việc liệu sông Nile có thực sự là longest river trên thế giới hay không (theo một số nguồn khác thì sông Amazon có thể được coi là sông dài nhất thế giới).

- Không có thông tin về chiều dài chính xác của sông Nile, mặc dù 6.695 km thường được nhắc đến.

- Không có thông tin về các sông khác có thể được coi là sông dài nhất thế giới.

Dáp án cuối cùng: Sông Nile, với chiều dài khoảng 6.695 km (có thể không chính xác).","cuối cùng: Sông Nile, với chiều dài khoảng 6.695 km (có thể không chính xác)."
5,Hành tinh nào gần Mặt Trời nhất?,"Venus là hành tinh gần Mặt Trời nhất, nhưng nếu tính khoảng cách trung bình, thì đó là sao Hỏa.","Đáp án: Phăng Thủy (Mercury)

Tự kiểm:

- Có thể sai: Không nhắc đến các hành tinh khác.

Cuối cùng: Dựa trên kiến thức về hệ thống hành tinh của chúng ta, hành tinh gần Mặt Trời nhất là Phăng Thủy.","Cuối cùng: Dựa trên kiến thức về hệ thống hành tinh của chúng ta, hành tinh gần Mặt Trời nhất là Phăng Thủy."
6,Khí nào chiếm tỷ lệ lớn nhất trong khí quyển Trái Đất?,"Không chắc chắn về câu hỏi này, nhưng theo thông tin chung, khí Nitơ (N2) là khí chiếm tỷ lệ lớn nhất trong khí quyển Trái Đất, nhưng không phải là ""phải"" như tôi sẽ trả lời ""không"" vì tôi không chắc.","Khí Nitơ (N2) chiếm khoảng 78% trong khí quyển của Trái Đất.

Điểm có thể sai hoặc thiếu:

- Không rõ liệu các số liệu chính xác được sử dụng để tính toán tỷ lệ của Nitơ trong khí quyển hay không.
- Không có thông tin về thời gian thực tế mà bạn đang muốn biết (ví dụ: thời điểm hiện tại, thời kỳ khác,...)

Tuy nhiên, kết quả đã được đưa ra là một số liệu được chấp nhận rộng rãi trong khoa học.

Câu trả lời cuối cùng là: Nitơ (N2) chiếm khoảng 78% trong khí quyển của Trái Đất.",cuối cùng là: Nitơ (N2) chiếm khoảng 78% trong khí quyển của Trái Đất.
7,DNA là viết tắt của cụm từ gì (tiếng Việt)?,"DNA được viết tắt là ""Điện tử Nucleic Acid"" nhưng phổ biến nhất là ""đường dẫn di truyền"".","DNS (Địa lý học Nucleic acid) là viết tắt của cụm từ ""Đất Nước Sáng"" nhưng không chính xác, cụ thể hơn là viết tắt của cụm từ ""Đầu Nucleic Acid"", trong đó ""DNA"" và ""RNA"" có nghĩa là ""Đầu Nucleic Acid"".","DNS (Địa lý học Nucleic acid) là viết tắt của cụm từ ""Đất Nước Sáng"" nhưng không chính xác, cụ thể hơn là viết tắt của cụm từ ""Đầu Nucleic Acid"", trong đó ""DNA"" và ""RNA"" có nghĩa là ""Đầu Nucleic Acid""."
8,Người viết tác phẩm 'Truyện Kiều' là ai?,"Người viết tác phẩm ""Truyện Kiều"" là Nguyễn Du.","Người viết tác phẩm 'Truyện Kiều' là Nguyễn Du.

Điểm có thể sai hoặc thiếu:

- Không xác định chính xác thời điểm xuất bản (nếu có thông tin cụ thể).
- Không cung cấp thêm thông tin về tác phẩm như nội dung, diễn biến hay ý nghĩa của Truyện Kiều.

Cuối cùng: Dưới đây là đáp án cuối cùng.",cuối cùng.
9,Số π (pi) xấp xỉ bằng bao nhiêu (2 chữ số thập phân)?,"Không chắc chắn, vì π là một con số vô hạn và không có thể được xác định chính xác bằng 2 chữ số thập phân.","Đáp án ngắn:

Pi (π) là con số vô tận và không chia hết được, thường xấp xỉ vào 3,14.

Điểm có thể sai hoặc thiếu:

- Không có thông tin cụ thể về cách xấp xỉ π.
- Pi có thể thay đổi tùy thuộc vào cách thực hiện tính toán và phương pháp sử dụng.

Đáp án cuối cùng:

Pi (π) thường được xấp xỉ vào 3,14.","cuối cùng:

Pi (π) thường được xấp xỉ vào 3,14."
10,Thủ đô của Úc là gì?,Thủ đô của Úc là Canberra.,"Đáp án: Canberra

Điểm có thể sai hoặc thiếu:

- Không chắc chắn về nguồn gốc của thông tin.

Đáp án đã được xác định dựa trên kiến thức chung. Nếu cần thêm thông tin, hãy cho tôi biết!","Đáp án: Canberra

Điểm có thể sai hoặc thiếu:

- Không chắc chắn về nguồn gốc của thông tin.

Đáp án đã được xác định dựa trên kiến thức chung. Nếu cần thêm thông tin, hãy cho tôi biết!"
11,Tốc độ ánh sáng xấp xỉ bao nhiêu m/s (dạng 3e8)?,Đáp án: 3x10^8 m/s,"Bước 1: Nháp
Tốc độ ánh sáng xấp xỉ là 3e8 m/s.

Bước 2: Tự kiểm
Điểm có thể sai hoặc thiếu:

- Không đề cập đến đơn vị đo lường.

Bước 3: Dập bản sao
Tốc độ ánh sáng thường được biểu thị bằng chữ số 3,0 × 10^8 m/s. Trong câu hỏi, tốc độ được viết là 3e8 m/s, có nghĩa là một cách khác để đọc 3,0 × 10^8 m/s. Do đó, đáp án chính xác vẫn là 3,0 × 10^8 m/s.","Bước 1: Nháp
Tốc độ ánh sáng xấp xỉ là 3e8 m/s.

Bước 2: Tự kiểm
Điểm có thể sai hoặc thiếu:

- Không đề cập đến đơn vị đo lường.

Bước 3: Dập bản sao
Tốc độ ánh sáng thường được biểu thị bằng chữ số 3,0 × 10^8 m/s. Trong câu hỏi, tốc độ được viết là 3e8 m/s, có nghĩa là một cách khác để đọc 3,0 × 10^8 m/s. Do đó, đáp án chính xác vẫn là 3,0 × 10^8 m/s."
12,'HTTP 404' biểu thị điều gì?,HTTP 404 là mã lỗi chỉ cho biết rằng trang yêu cầu được tìm kiếm không tồn tại trên máy chủ.,"Bước 1: Trả lời ngắn

""HTTP 404"" là một mã lỗi của hệ thống thông tin trên internet, biểu thị rằng tài nguyên yêu cầu có thể không tồn tại hoặc không thể tìm thấy.

Bước 2: Tự kiểm tra

Điểm có thể sai hoặc thiếu:

- Không chắc chắn về cách chính xác mã ""HTTP 404"" được sử dụng cho trường hợp này.
- Không biết rõ ràng trong trường hợp nào cụ thể ""HTTP 404"" được sử dụng.

Bước 3: Đáp án cuối cùng

""Mã lỗi HTTP 404"" thường được sử dụng khi hệ thống không tìm thấy tài nguyên yêu cầu.","cuối cùng

""Mã lỗi HTTP 404"" thường được sử dụng khi hệ thống không tìm thấy tài nguyên yêu cầu."
13,SQL chủ yếu dùng để làm gì?,SQL (Structured Query Language) được sử dụng chủ yếu để quản lý và truy vấn dữ liệu trong cơ sở dữ liệu relational.,"Đáp án:

SQL (Structured Query Language) là một ngôn ngữ được sử dụng để tương tác với cơ sở dữ liệu relational. Nó chủ yếu được sử dụng để thực hiện các công việc như tạo, sửa đổi, truy vấn và quản lý dữ liệu trong cơ sở dữ liệu.

Tự kiểm tra:

* Điểm có thể sai hoặc thiếu:
 + SQL không chỉ dùng để làm việc với cơ sở dữ liệu relational.
 + SQL cũng có thể được sử dụng cho các tác vụ khác như xử lý tập tin, tạo ứng dụng web,...
* Nếu cần thêm thông tin hoặc chi tiết, tôi sẽ cung cấp thêm.","Đáp án:

SQL (Structured Query Language) là một ngôn ngữ được sử dụng để tương tác với cơ sở dữ liệu relational. Nó chủ yếu được sử dụng để thực hiện các công việc như tạo, sửa đổi, truy vấn và quản lý dữ liệu trong cơ sở dữ liệu.

Tự kiểm tra:

* Điểm có thể sai hoặc thiếu:
 + SQL không chỉ dùng để làm việc với cơ sở dữ liệu relational.
 + SQL cũng có thể được sử dụng cho các tác vụ khác như xử lý tập tin, tạo ứng dụng web,...
* Nếu cần thêm thông tin hoặc chi tiết, tôi sẽ cung cấp thêm."
14,GPU là viết tắt của gì (tiếng Anh)?,"GPU là viết tắt của Graphics Processing Unit, nghĩa là đơn vị xử lý đồ họa.","GPU là viết tắt của Graphics Processing Unit, tức là Card xử lý đồ họa.

Điểm có thể sai hoặc thiếu:

- Không có thông tin về GPU là viết tắt của các từ khác trong tiếng Anh ngoài Graphics Processing Unit.

Đáp án cuối cùng: GPU là viết tắt của Graphics Processing Unit (tiếng Anh).",cuối cùng: GPU là viết tắt của Graphics Processing Unit (tiếng Anh).
15,Quốc gia có diện tích lớn nhất thế giới?,Không chắc.,"Tôi sẽ trả lời:

Russia là quốc gia có diện tích lớn nhất thế giới.

Bây giờ tôi tự kiểm lại:

Điểm có thể sai hoặc thiếu:
- Không chắc liệu Nga đã trở thành quốc gia có diện tích lớn nhất thế giới hay chưa, cần thêm thông tin cập nhật về vấn đề này.
- Không rõ liệu danh sách các quốc gia được xếp hạng dựa trên diện tích đất liền hay cả tổng diện tích (đất liền và biển) hay không.

Cuối cùng:

Không chắc chắn về việc Nga là quốc gia có diện tích lớn nhất thế giới, nhưng tính đến thời điểm kiến thức của tôi được cập nhật lần cuối, Nga thường được coi là quốc gia có diện tích lớn nhất thế giới.","Cuối cùng:

Không chắc chắn về việc Nga là quốc gia có diện tích lớn nhất thế giới, nhưng tính đến thời điểm kiến thức của tôi được cập nhật lần cuối, Nga thường được coi là quốc gia có diện tích lớn nhất thế giới."
16,Kim cương cấu tạo từ nguyên tố nào?,"Không chắc, nhưng dựa trên thông tin hiện có, kim cương thường được coi là cấu tạo từ carbide (thép đốt) hoặc carbon.","Bước 1: Nháp
Kim cương là một loại đá quý hiếm, được cấu thành từ cacbon (C) trong dạng mạng tinh thể vô cơ.

Bước 2: Tự kiểm
- Có thể sai: Không có thông tin về việc kim cương có chứa nguyên tố khác ngoài cacbon.
- Thiếu: Không cung cấp thêm thông tin về quá trình tạo ra hoặc đặc điểm của kim cương.

Bước 3: Đáp án cuối cùng
Kim cương cấu tạo từ nguyên tố cacbon (C).","cuối cùng
Kim cương cấu tạo từ nguyên tố cacbon (C)."
17,Biển lớn nhất thế giới là gì?,"Biển lớn nhất thế giới là Biển Arctic, chiếm khoảng 14,05 triệu km2 diện tích.","Biển lớn nhất thế giới là Biển Arctic.

Điểm có thể sai hoặc thiếu:

- Không chắc chắn về độ rộng chính xác của Biển Arctic so với Biển Bắc.

Cuối cùng, đáp án cuối cùng là: Biển Arctic. Tuy nhiên, để đảm bảo tính chính xác, cần thêm thông tin về độ rộng của hai biển này để xác định rõ ràng.","cuối cùng là: Biển Arctic. Tuy nhiên, để đảm bảo tính chính xác, cần thêm thông tin về độ rộng của hai biển này để xác định rõ ràng."
18,Ai là tổng thống đầu tiên của Hoa Kỳ?,George Washington là tổng thống đầu tiên của Hoa Kỳ.,"Đáp án: George Washington.

Điểm có thể sai hoặc thiếu:

- Không có thông tin về việc ai là tổng thống đầu tiên của Hoa Kỳ.
- Không có thông tin về việc người này đã được bầu làm tổng thống hay không.
- Không có thông tin về việc người này đã đắc cử chức vụ tổng thống hay không.

Đáp án cuối cùng: George Washington.",cuối cùng: George Washington.
19,Vạn Lý Trường Thành thuộc quốc gia nào?,Vạn Lý Trường Thành nằm tại Trung Quốc.,"Bước 1: Nháp
Vạn Lý Trường Thành là di tích lịch sử quan trọng của Trung Quốc.

Bước 2: Tự kiểm:
- Có thể sai hoặc thiếu: Không có thông tin cụ thể về quốc gia mà Vạn Lý Trường Thành thuộc.
- Điểm cần chú ý: Để trả lời chính xác, cần phải xác định rõ quốc gia mà Vạn Lý Trường Thành thuộc.

Bước 3: Cuối cùng
Vạn Lý Trường Thành được xây dựng ở Trung Quốc và thuộc địa phận của Trung Quốc từ thời nhà Han (trước) đến thời nhà Minh (sau).","Cuối cùng
Vạn Lý Trường Thành được xây dựng ở Trung Quốc và thuộc địa phận của Trung Quốc từ thời nhà Han (trước) đến thời nhà Minh (sau)."
20,Khối EU viết tắt của gì (tiếng Anh)?,"Khối EU viết tắt của ""European Union"".","Bước 1: Nháp - Đáp án ngắn
Khối EU viết tắt là European Union.

Bước 2: Tự kiểm:
- Có thể sai: Không có trong bài trả lời, nhưng vẫn cần kiểm tra thông tin chung về khối EU.
- Thiếu: Không cung cấp thông tin chi tiết hơn về khối EU hoặc giải thích rõ ràng viết tắt ""EU"".

Bước 3: Cuối cùng - Đáp án cuối cùng
Khối EU viết tắt là European Union (EU).","cuối cùng
Khối EU viết tắt là European Union (EU)."
21,Nhiệt độ nước sôi ở mực nước biển (°C)?,Không chắc.,"Bước 1: Nháp
Nhiệt độ nước sôi ở mực nước biển là 100°C.

Bước 2: Tự kiểm
- Có thể sai:
 + Nhiệt độ nước sôi có thể thay đổi tùy thuộc vào áp suất.
 - Thiếu: Không cần phải phân biệt giữa nhiệt độ ở mực nước biển và ở trên bề mặt.

Bước 3: Đáp án cuối cùng
Nhiệt độ nước sôi ở mực nước biển là 100°C. Tuy nhiên, cần lưu ý rằng nhiệt độ này có thể thay đổi tùy thuộc vào áp suất. Ở áp suất thấp hơn, nhiệt độ sẽ giảm.","cuối cùng
Nhiệt độ nước sôi ở mực nước biển là 100°C. Tuy nhiên, cần lưu ý rằng nhiệt độ này có thể thay đổi tùy thuộc vào áp suất. Ở áp suất thấp hơn, nhiệt độ sẽ giảm."
22,Ngôn ngữ lập trình được Guido van Rossum tạo ra?,Ngôn ngữ lập trình Python được Guido van Rossum tạo ra.,"Đáp án: Python.

Điểm có thể sai hoặc thiếu:

- Không rõ liệu Guido van Rossum có là người duy nhất sáng tạo ngôn ngữ Python hay không.

Đáp án cuối cùng: Python.",cuối cùng: Python.
23,Hệ điều hành di động do Google phát triển?,Không chắc,"Đáp án: Không, hệ điều hành di động được phát triển bởi Apple là iOS và Android được phát triển bởi Google.

Giải thích:

Bước 1:
Hệ điều hành di động phổ biến nhất hiện nay có thể được chia thành hai nhóm chính là Android (do Google phát triển) và iOS (do Apple phát triển).

Bước 2:
Điểm có thể sai hoặc thiếu:

- Không chắc chắn về việc hệ điều hành di động nào mới nhất.
- Có thể không đề cập đến các hệ điều hành khác như KaiOS, Tizen,... 
- Không đảm bảo rằng câu trả lời là chính xác đối với tất cả các thiết bị di động hiện tại.

Bước 3:
Đáp án cuối cùng: Không chắc chắn. Có nhiều hệ điều hành di động khác nhau như iOS, Android và một số hệ điều hành khác. Do đó, để trả lời đầy đủ nhất là cần đề cập đến nhiều loại hệ điều hành.","cuối cùng: Không chắc chắn. Có nhiều hệ điều hành di động khác nhau như iOS, Android và một số hệ điều hành khác. Do đó, để trả lời đầy đủ nhất là cần đề cập đến nhiều loại hệ điều hành."
24,Thủ đô của Nhật Bản là gì?,Thủ đô của Nhật Bản là Tokyo.,"Đáp án: Tokyo.

Tính chính xác:

- Điểm có thể sai hoặc thiếu: Không có thông tin nào cho thấy Tokyo là thủ đô của một quốc gia khác ngoài Nhật Bản. Tuy nhiên, tôi nên thêm rằng ""thủ đô"" để tránh hiểu lầm.
- Đáp án cuối cùng: Thủ đô của Nhật Bản là Tokyo.",cuối cùng: Thủ đô của Nhật Bản là Tokyo.
25,Biểu tượng hóa học của vàng là gì?,Biểu tượng hóa học của vàng là Au.,"Đáp án: Au

Tự kiểm:

- Có thể sai: Không có thông tin về biểu tượng khác cho vàng.

- Thiếu: Không có thông tin về lịch sử hoặc ứng dụng của biểu tượng này.

Đáp án cuối cùng: Biểu tượng hóa học của vàng là Au.",cuối cùng: Biểu tượng hóa học của vàng là Au.
26,Hàm số có đạo hàm bằng 0 là hàm gì (một từ)?,"Đáp án là ""恒定""","Đáp án: hàm giá trị恒定的.

Tự kiểm:

- Có thể sai hoặc thiếu: Không có thông tin nào về tính nhất định của hàm số với đạo hàm bằng 0. Tuy nhiên, một số hàm số có đạo hàm bằng 0 là các hàm giá trị constant (hàm giá trị không đổi). Ví dụ, hàm số f(x) = c, nơi c là một số thực constatn, sẽ có đạo hàm bằng 0.

- Nếu không chắc: Không chắc chắn về đáp án vì không có thông tin cụ thể về vấn đề.","Đáp án: hàm giá trị恒定的.

Tự kiểm:

- Có thể sai hoặc thiếu: Không có thông tin nào về tính nhất định của hàm số với đạo hàm bằng 0. Tuy nhiên, một số hàm số có đạo hàm bằng 0 là các hàm giá trị constant (hàm giá trị không đổi). Ví dụ, hàm số f(x) = c, nơi c là một số thực constatn, sẽ có đạo hàm bằng 0.

- Nếu không chắc: Không chắc chắn về đáp án vì không có thông tin cụ thể về vấn đề."
27,Cơ quan trao giải Nobel là nước nào đăng cai lễ trao giải (đa số hạng mục)?,Nobel được trao ở Thụy Điển.,"Bước 1: Nháp
Cơ quan trao giải Nobel là Thụy Điển, nhưng lễ trao giải được tổ chức tại Stockholm. Tuy nhiên, đa số hạng mục của giải Nobel lại được trao ở Stockholm và phần còn lại sẽ được trao ở Oslo.

Bước 2: Tự kiểm tra
- Có thể sai về nơi đăng cai lễ trao giải Nobel (thông thường là Thụy Điển, nhưng không chắc về phần này)
- Có thể thiếu thông tin về số hạng mục của giải Nobel
- Có thể cần thêm thông tin về việc nơi trao giải Nobel

Bước 3: Cuối cùng
Cơ quan trao giải Nobel là Thụy Điển. Lễ trao giải Nobel thường được tổ chức tại Stockholm (người Thụy Điển đăng cai lễ trao giải Nobel), nhưng đa số hạng mục của giải Nobel lại được trao ở Stockholm và phần còn lại sẽ được trao ở Oslo.","Cuối cùng
Cơ quan trao giải Nobel là Thụy Điển. Lễ trao giải Nobel thường được tổ chức tại Stockholm (người Thụy Điển đăng cai lễ trao giải Nobel), nhưng đa số hạng mục của giải Nobel lại được trao ở Stockholm và phần còn lại sẽ được trao ở Oslo."
28,Tác giả 'Dế mèn phiêu lưu ký'?,"Tác giả của ""Dế mèn phiêu lưu ký"" là Nguyễn Hữu Trương.","Đáp án: Trương Chiêu.

Tự kiểm:

- Điểm có thể sai hoặc thiếu:
- Không có thông tin về tác phẩm ""Dế mèn phiêu lưu ký"" được chỉ ra là không chính xác.

- Đáp án cuối cùng:
Trương Chiêu là nhà thơ và nhà văn nổi tiếng của Trung Quốc, người sáng tác tập thơ ""Dế mèn"".","cuối cùng:
Trương Chiêu là nhà thơ và nhà văn nổi tiếng của Trung Quốc, người sáng tác tập thơ ""Dế mèn""."
29,Đơn vị đo tần số trong Hệ SI?,Đơn vị đo tần số trong Hệ SI là Hz (Hertz).,"Đáp án: Hz (Herتز)

Giải thích: Trong Hệ SI, đơn vị đo tần số là Hertz (Hz), được định nghĩa là 1 lần lặp lại của sóng tính bằng second.","Đáp án: Hz (Herتز)

Giải thích: Trong Hệ SI, đơn vị đo tần số là Hertz (Hz), được định nghĩa là 1 lần lặp lại của sóng tính bằng second."
30,Trái Đất quay quanh thiên thể nào?,Trái Đất quay quanh Mặt trời.,"Trái Đất quay quanh Mặt Trời.

Điểm có thể sai hoặc thiếu:

- Không đề cập đến việc Trái Đất cũng chuyển động theo đường cong quanh vũ trụ (di chuyển theo quỹ đạo heliocentric).

Đáp án cuối cùng: Trái Đất quay quanh Mặt Trời.",cuối cùng: Trái Đất quay quanh Mặt Trời.
31,Ngôn ngữ chính thức của Brazil?,Ngôn ngữ chính thức của Brazil là tiếng Bồ Đào Nha.,"Nháp:

Ngôn ngữ chính thức của Brazil là tiếng Phổ thông (Portuguese).","Nháp:

Ngôn ngữ chính thức của Brazil là tiếng Phổ thông (Portuguese)."
32,Số nguyên tố nhỏ nhất?,Số nguyên tố nhỏ nhất là 2.,"Để trả lời câu hỏi ""Số nguyên tố nhỏ nhất?"", ta cần tìm số nguyên tố đầu tiên.

Số nguyên tố là các số tự nhiên lớn hơn 1 không chia hết cho bất kỳ số nguyên thực nào khác ngoài 1 và chính nó. 

Ta có thể bắt đầu với các số tự nhiên từ 2, 3, 4,..., và kiểm tra xem chúng có phải là số nguyên tố hay không.

Từ số nguyên tố, ta có thể tìm được số nguyên tố nhỏ nhất.

Vậy, số nguyên tố nhỏ nhất là: 2","Để trả lời câu hỏi ""Số nguyên tố nhỏ nhất?"", ta cần tìm số nguyên tố đầu tiên.

Số nguyên tố là các số tự nhiên lớn hơn 1 không chia hết cho bất kỳ số nguyên thực nào khác ngoài 1 và chính nó. 

Ta có thể bắt đầu với các số tự nhiên từ 2, 3, 4,..., và kiểm tra xem chúng có phải là số nguyên tố hay không.

Từ số nguyên tố, ta có thể tìm được số nguyên tố nhỏ nhất.

Vậy, số nguyên tố nhỏ nhất là: 2"
33,Hàm mũ tự nhiên dùng cơ số nào?,Hàm mũ tự nhiên dùng cơ số 10 (churn).,"Đáp án: Cơ số 10.

Điểm có thể sai hoặc thiếu:

- Không có thông tin cụ thể về việc hàm mũ tự nhiên sử dụng cơ số nào trong các cơ số khác nhau như 2, 8, 16,... 
- Có thể có nhiều cách giải thích khác nhau về hàm mũ tự nhiên và cơ số được sử dụng.","Đáp án: Cơ số 10.

Điểm có thể sai hoặc thiếu:

- Không có thông tin cụ thể về việc hàm mũ tự nhiên sử dụng cơ số nào trong các cơ số khác nhau như 2, 8, 16,... 
- Có thể có nhiều cách giải thích khác nhau về hàm mũ tự nhiên và cơ số được sử dụng."
34,Loài động vật có vú biết bay nổi tiếng?,Không chắc.,"Đáp án: Con mèo

Giải thích: Con mèo là loài động vật có vú và khả năng bay của chúng là do chân và lưng của chúng. Chúng sử dụng những bộ phận này để tạo ra lực nâng và di chuyển qua không trung.

Tuy nhiên, cần lưu ý rằng con mèo không thực sự ""bay"" như các loài chim khác, mà thay vào đó là sử dụng kỹ thuật di chuyển trên mặt đất với tốc độ nhanh để tạo ra cảm giác bay.","Đáp án: Con mèo

Giải thích: Con mèo là loài động vật có vú và khả năng bay của chúng là do chân và lưng của chúng. Chúng sử dụng những bộ phận này để tạo ra lực nâng và di chuyển qua không trung.

Tuy nhiên, cần lưu ý rằng con mèo không thực sự ""bay"" như các loài chim khác, mà thay vào đó là sử dụng kỹ thuật di chuyển trên mặt đất với tốc độ nhanh để tạo ra cảm giác bay."
35,Hệ điều hành máy tính do Apple phát triển?,"Có, hệ điều hành máy tính do Apple phát triển là macOS (hệ điều hành Mac) và iOS (hệ điều hành điện thoại di động).","Hệ điều hành máy tính do Microsoft phát triển chứ không phải Apple.

Điểm có thể sai hoặc thiếu:

- Không nhắc đến Windows là hệ điều hành được Microsoft phát triển.

Đáp án cuối cùng: Không, hệ điều hành máy tính không nhất thiết do Apple phát triển. Microsoft cũng là một trong những nhà phát triển hệ điều hành máy tính.","cuối cùng: Không, hệ điều hành máy tính không nhất thiết do Apple phát triển. Microsoft cũng là một trong những nhà phát triển hệ điều hành máy tính."
36,"Thành phố đông dân nhất Việt Nam (đến nay, cấp đô thị)?",Không chắc chắn về thông tin.,"Tôi sẽ trả lời ngắn:

Thành phố đông dân nhất Việt Nam là Hà Nội.

Và sau đó, tôi tự kiểm lại:

Điểm có thể sai hoặc thiếu:

- Không có thông tin về việc có thành phố nào khác được cấp đô thị sau Hà Nội.
- Không có thông tin về số lượng dân của các thành phố khác để so sánh với Hà Nội.

Cuối cùng, tôi đưa đáp án cuối cùng:

Thành phố đông dân nhất Việt Nam (đến nay, cấp đô thị) là Hà Nội.","cuối cùng:

Thành phố đông dân nhất Việt Nam (đến nay, cấp đô thị) là Hà Nội."
37,Thủ đô của Hàn Quốc?,Thủ đô của Hàn Quốc là Seoul.,"Thủ đô của Hàn Quốc là Seoul.

Điểm có thể sai hoặc thiếu:

- Không có thông tin về nguồn gốc câu hỏi hoặc tính chính xác của câu trả lời.

Đáp án cuối cùng: Seoul.",cuối cùng: Seoul.
38,Đại dương nằm giữa châu Âu và châu Mỹ?,Không chắc chắn.,"Đáp án: Không, đại dương không nằm giữa châu Âu và châu Mỹ.

Điểm có thể sai hoặc thiếu:

- Đại dương thực sự nằm giữa các lục địa, nhưng vị trí của chúng có thể thay đổi tùy thuộc vào cách được định nghĩa.
- Câu hỏi không rõ ràng về loại hình đại dương (vĩ mô, địa chất hay sinh học) cần được làm rõ để có câu trả lời chính xác.

Dáp án cuối cùng: Không, đại dương không nằm giữa châu Âu và châu Mỹ.","cuối cùng: Không, đại dương không nằm giữa châu Âu và châu Mỹ."
39,Hội họa 'Mona Lisa' do ai vẽ?,"Hội họa ""Mona Lisa"" được vẽ bởi Leonardo da Vinci.","Hội họa 'Mona Lisa' được vẽ bởi Leonardo da Vinci.

Điểm có thể sai hoặc thiếu:

- Không chắc liệu Leonardo da Vinci đã hoàn thành tác phẩm này hay không.
- Có thể có thông tin khác về việc hội họa 'Mona Lisa' được thực hiện trên một nền gesso màu nâu, thay vì là giấy màng màu.","Hội họa 'Mona Lisa' được vẽ bởi Leonardo da Vinci.

Điểm có thể sai hoặc thiếu:

- Không chắc liệu Leonardo da Vinci đã hoàn thành tác phẩm này hay không.
- Có thể có thông tin khác về việc hội họa 'Mona Lisa' được thực hiện trên một nền gesso màu nâu, thay vì là giấy màng màu."
40,Thành phần chính của muối ăn là gì?,Muối ăn chủ yếu được làm từ canxi clorua (CaCl2).,"Bước 1: Nháp
Thành phần chính của muối ăn là muối (natri clorid).

Bước 2: Tự kiểm tra
Điểm có thể sai hoặc thiếu:

- Không đề cập đến các thành phần phụ.
- Không cung cấp thông tin về độ mặn, tính chất hóa học hay phương pháp sản xuất.

Bước 3: Cuối cùng
Thành phần chính của muối ăn là muối (natri clorid), thường được sử dụng rộng rãi trong thực phẩm và cuộc sống hàng ngày.","Cuối cùng
Thành phần chính của muối ăn là muối (natri clorid), thường được sử dụng rộng rãi trong thực phẩm và cuộc sống hàng ngày."
41,Tập đoàn nào phát triển hệ điều hành Windows?,Microsoft.,"Tập đoàn Microsoft là người phát triển hệ điều hành Windows.

Điểm có thể sai hoặc thiếu:

- Không có thông tin về việc tập đoàn nào khác cũng phát triển hệ điều hành Windows cùng thời điểm.

Đáp án cuối cùng: Microsoft.",cuối cùng: Microsoft.
42,Đơn vị đo công suất điện là gì?,Đơn vị đo công suất điện là Watt (W).,Đơn vị đo công suất điện là Watt (W).,Đơn vị đo công suất điện là Watt (W).
43,Tập hợp các ngôi sao tạo thành Dải Ngân Hà gọi là gì?,"Tập hợp các ngôi sao tạo thành Dải Ngân Hà được gọi là ""hạt"" hoặc ""tụ"" của Galaxy Ngàn Người.","Đáp án: Một cụm sao.

Điểm có thể sai hoặc thiếu:

- Có thể là một số cụm sao khác nhau
- Không chắc về chính xác của câu trả lời

Cuối cùng, đáp án cuối cùng là: Một cụm sao.",cuối cùng là: Một cụm sao.
44,Ngành học nghiên cứu động vật?,Đáp án: Vật khoa,"Nháp: Ngành học nghiên cứu động vật là sinh物 học.

Tự kiểm:

- Có thể sai: Không có thông tin cụ thể về ngành học sinh viên đang theo học.

- Thiếu: Không cung cấp chi tiết về các phương pháp hoặc chuyên ngành trong sinh vật học.

Đáp án cuối cùng: Không chắc, nhưng một số ngành học liên quan đến nghiên cứu động vật có thể bao gồm: 

- Sinh vật học
- Sinh lý học động vật
- Sinh thái học động vật
- Dịch tễ học động vật","cuối cùng: Không chắc, nhưng một số ngành học liên quan đến nghiên cứu động vật có thể bao gồm: 

- Sinh vật học
- Sinh lý học động vật
- Sinh thái học động vật
- Dịch tễ học động vật"
45,Nguyên tố có số hiệu nguyên tử 1 là gì?,Không chắc chắn.,"Bước 1: Trả lời ngắn

Nguyên tố có số hiệu nguyên tử 1 là Hydro (H).

Bước 2: Tự kiểm

Điểm có thể sai hoặc thiếu:

- Có thể không xem xét các nguyên tố khác mà số hiệu nguyên tử cũng là 1.
- Không đảm bảo rằng Hydro chính xác là nguyên tố có số hiệu nguyên tử 1.

Bước 3: Đưa đáp án cuối cùng

Không chắc chắn về câu trả lời vì có thể sẽ có một nguyên tố khác có số hiệu nguyên tử là 1. Nhưng trong trường hợp này, Hydro thường được coi là nguyên tố có số hiệu nguyên tử 1 trong các tài liệu giáo dục phổ thông và cơ bản.","cuối cùng

Không chắc chắn về câu trả lời vì có thể sẽ có một nguyên tố khác có số hiệu nguyên tử là 1. Nhưng trong trường hợp này, Hydro thường được coi là nguyên tố có số hiệu nguyên tử 1 trong các tài liệu giáo dục phổ thông và cơ bản."
46,Cổng mạng mặc định của HTTP (không TLS)?,Cổng mạng mặc định của HTTP là 80.,"Đáp án: 80 

Điểm có thể sai hoặc thiếu:

- Không chỉ HTTP mà các cổng khác cũng có cổng mặc định khác nhau cho từng protocol khác như FTP là 21, SSH là 22.

- Việc sử dụng HTTPS để mã hóa giao tiếp giữa client và server.","Đáp án: 80 

Điểm có thể sai hoặc thiếu:

- Không chỉ HTTP mà các cổng khác cũng có cổng mặc định khác nhau cho từng protocol khác như FTP là 21, SSH là 22.

- Việc sử dụng HTTPS để mã hóa giao tiếp giữa client và server."
47,Công cụ kiểm soát phiên bản phân tán phổ biến?,Không chắc.,"Đáp án: Git.

Điểm có thể sai hoặc thiếu:

- Không phải tất cả các công cụ kiểm soát phiên bản đều phân tán (ví dụ: Mercurial).
- Có nhiều công cụ khác nhau, chẳng hạn như Subversion và Perforce.

Tuy nhiên, do Git là một trong những công cụ kiểm soát phiên bản phổ biến nhất và được sử dụng rộng rãi nhất trong ngành công nghệ phần mềm, nên tôi sẽ đưa ra đáp án cuối cùng là: Git.",cuối cùng là: Git.
48,Thủ đô của Thái Lan?,Thủ đô của Thái Lan là Bangkok.,"Đáp án: Bangkok.

Điểm có thể sai hoặc thiếu:

- Không có thông tin về việc có nên kiểm tra tính chính xác hay không đối với câu trả lời này vì nó dựa trên kiến thức chung.

Vậy, đáp án cuối cùng là: Bangkok.",cuối cùng là: Bangkok.
49,Đơn vị lưu trữ lớn hơn: MB hay GB?,"Không chắc. MB (Megabyte) thường được sử dụng để đo dung lượng của các file nhỏ, trong khi GB (Gigabyte) thường được sử dụng để đo dung lượng của các file lớn hơn. Cả hai đều là đơn vị tính dung lượng lưu trữ, nhưng chúng khác nhau về kích thước.","Đáp án: MB (megabyte)

Nháp:

Đơn vị lưu trữ nhỏ hơn nên là MB. Vì 1 GB = 1000 MB.

Tự kiểm:

- Có thể sai về mặt số.
- Không có thông tin về đơn vị này trong câu hỏi, nhưng theo kiến thức chung, 1 GB (gigabyte) lớn hơn 1 MB (megabyte).

Đáp án cuối cùng: Đúng. MB nhỏ hơn GB.",cuối cùng: Đúng. MB nhỏ hơn GB.
50,Đất nước có kim tự tháp Giza?,"Có, đất nước Ai Cập có kim tự tháp Giza.","Đáp án: Có.

Điểm có thể sai hoặc thiếu:

- Không chắc liệu kim tự tháp Giza nằm trong đất nước nào của châu Phi hay Trung Đông.

- Nếu không chắc, sẽ cần thêm thông tin để xác định chính xác.","Đáp án: Có.

Điểm có thể sai hoặc thiếu:

- Không chắc liệu kim tự tháp Giza nằm trong đất nước nào của châu Phi hay Trung Đông.

- Nếu không chắc, sẽ cần thêm thông tin để xác định chính xác."
